,name,team,completed_passes,total_passes
0,PEDRO GONZÁLEZ LÓPEZ,FC BARCELONA,2379,2672
1,PAU CUBARSÍ,FC BARCELONA,2426,2591
2,DALEY BLIND,GIRONA FC,2200,2439
3,ÍÑIGO MARTÍNEZ,FC BARCELONA,2209,2417
4,MARCOS ALONSO,CELTA,2079,2298
5,FEDERICO VALVERDE,REAL MADRID,1970,2162
6,LADISLAV KREJCÍ,GIRONA FC,1909,2110
7,FLORIAN LEJEUNE,RAYO VALLECANO,1719,2046
8,DAVID LÓPEZ,GIRONA FC,1871,2026
9,AURÉLIEN TCHOUAMÉNI,REAL MADRID,1862,2004
10,CRISTHIAN MOSQUERA,VALENCIA CF,1822,1997
11,LUKA MODRIC,REAL MADRID,1686,1846
12,ANTONIO RÜDIGER,REAL MADRID,1696,1839
13,JULES KOUNDÉ,FC BARCELONA,1601,1806
14,LOÏC BADÉ,SEVILLA FC,1556,1800
15,ÓSCAR MINGUEZA,CELTA,1439,1779
16,ANTONIO RAÍLLO,RCD MALLORCA,1570,1765
17,MARTÍN ZUBIMENDI,REAL SOCIEDAD,1479,1752
18,DANI VIVIAN,ATHLETIC CLUB,1521,1740
19,CÉSAR TÁRREGA,VALENCIA CF,1427,1685
20,RODRIGO DE PAUL,ATLÉTICO DE MADRID,1416,1684
21,CARL STARFELT,CELTA,1539,1643
22,JAVI RODRÍGUEZ,CELTA,1422,1638
23,JORGE RESURRECCIÓN MERODIO,ATLÉTICO DE MADRID,1429,1603
24,DIEGO LLORENTE,REAL BETIS,1378,1586
25,ARNAU MARTÍNEZ,GIRONA FC,1390,1577
26,ENZO BOYOMO,CA OSASUNA,1376,1570
27,LOGAN EVANS COSTA,VILLARREAL CF,1346,1531
28,ALEJANDRO CATENA,CA OSASUNA,1271,1510
29,SERGIO GONZÁLEZ,CD LEGANÉS,1270,1509
30,JUDE BELLINGHAM,REAL MADRID,1321,1509
31,DANI PAREJO,VILLARREAL CF,1340,1506
32,PABLO BARRIOS,ATLÉTICO DE MADRID,1289,1477
33,IGOR ZUBELDIA,REAL SOCIEDAD,1280,1473
34,FRAN BELTRÁN,CELTA,1309,1471
35,SCOTT MCKENNA,UD LAS PALMAS,1271,1462
36,JOSÉ ÁNGEL CARMONA,SEVILLA FC,1181,1439
37,LAMINE YAMAL NASRAOUI EBANA,FC BARCELONA,1116,1414
38,SAMUEL DE ALMEIDA COSTA,RCD MALLORCA,1151,1411
39,LUCAS VÁZQUEZ,REAL MADRID,1263,1405
40,LEANDRO CABRERA,RCD ESPANYOL DE BARCELONA,1073,1402
41,MARASH KUMBULLA,RCD ESPANYOL DE BARCELONA,1183,1394
42,ANDREI RATIU,RAYO VALLECANO,1163,1382
43,NAYEF AGUERD,REAL SOCIEDAD,1209,1378
44,IVÁN MARTÍN,GIRONA FC,1239,1356
45,LUCAS TORRÓ,CA OSASUNA,1026,1356
46,JOSÉ GIMÉNEZ,ATLÉTICO DE MADRID,1245,1356
47,CLÉMENT LENGLET,ATLÉTICO DE MADRID,1190,1356
48,MARC CASADÓ,FC BARCELONA,1218,1355
49,SANTI COMESAÑA,VILLARREAL CF,1156,1350
50,ENZO BARRENECHEA,VALENCIA CF,1169,1343
51,NEMANJA GUDELJ,SEVILLA FC,1181,1335
52,KIKE SALAS,SEVILLA FC,1060,1331
53,DANI CEBALLOS,REAL MADRID,1265,1330
54,MARTIN VALJENT,RCD MALLORCA,1151,1326
55,LUIS MILLA,GETAFE CF,1073,1322
56,MARCOS LLORENTE,ATLÉTICO DE MADRID,1162,1322
57,ÁLEX SUÁREZ,UD LAS PALMAS,1136,1321
58,FRAN GARCÍA,REAL MADRID,1169,1314
59,ANTOINE GRIEZMANN,ATLÉTICO DE MADRID,1051,1307
60,ROBIN LE NORMAND,ATLÉTICO DE MADRID,1170,1292
61,ERIC GARCÍA,FC BARCELONA,1189,1287
62,KIKO FEMENÍA,VILLARREAL CF,1134,1254
63,ALEJANDRO BALDE,FC BARCELONA,1142,1252
64,JAVI GUERRA,VALENCIA CF,1007,1252
65,RAPHAEL DIAS BELLOLI,FC BARCELONA,994,1251
66,SERGI ALTIMIRA,REAL BETIS,1120,1249
67,NATAN BERNARDO DE SOUZA,REAL BETIS,1111,1248
68,MIKA MÁRMOL,UD LAS PALMAS,986,1242
69,ANTONIO BLANCO,DEPORTIVO ALAVÉS,997,1234
70,OMAR EL HILALI,RCD ESPANYOL DE BARCELONA,987,1224
71,PEP CHAVARRÍA,RAYO VALLECANO,997,1215
72,LUCIEN AGOUMÉ,SEVILLA FC,998,1204
73,JON ARAMBURU,REAL SOCIEDAD,972,1203
74,UNAI LÓPEZ,RAYO VALLECANO,1022,1189
75,JOHAN MOJICA,RCD MALLORCA,923,1183
76,KIRIAN RODRÍGUEZ,UD LAS PALMAS,1022,1177
77,ÁLEX REMIRO,REAL SOCIEDAD,847,1176
78,YERAY ÁLVAREZ,ATHLETIC CLUB,990,1173
79,PATHÉ CISS,RAYO VALLECANO,995,1162
80,SERGIO GÓMEZ,REAL SOCIEDAD,975,1153
81,MARC BARTRA,REAL BETIS,940,1150
82,JAVI SÁNCHEZ DE FELIPE,REAL VALLADOLID CF,1009,1149
83,MIGUEL GUTIÉRREZ,GIRONA FC,1010,1143
84,FRENKIE DE JONG,FC BARCELONA,1082,1138
85,YURI BERCHICHE,ATHLETIC CLUB,968,1134
86,SEYDOUBA CISSÉ,CD LEGANÉS,963,1127
87,JOSÉ LUIS GARCÍA VAYÁ,VALENCIA CF,943,1120
88,SERGI CARDONA,VILLARREAL CF,895,1119
89,SERGI DARDER,RCD MALLORCA,908,1115
90,PAPE GUEYE,VILLARREAL CF,906,1111
91,JOHNNY CARDOSO,REAL BETIS,949,1103
92,YVAN NEYOU,CD LEGANÉS,971,1102
93,SERGIO HERRERA,CA OSASUNA,732,1102
94,KYLIAN MBAPPÉ,REAL MADRID,933,1094
95,MIKEL JAUREGIZAR,ATHLETIC CLUB,898,1089
96,OMAR ALDERETE,GETAFE CF,722,1087
97,AIMAR OROZ,CA OSASUNA,912,1086
98,JAVI MUÑOZ,UD LAS PALMAS,858,1075
99,ABDUL MUMIN,RAYO VALLECANO,899,1075
100,FRANCISCO ROMÁN ALARCÓN SUÁREZ,REAL BETIS,925,1073
101,PAULO GAZZANIGA,GIRONA FC,836,1069
102,RUBÉN GARCÍA,CA OSASUNA,845,1060
103,JOAN GARCÍA,RCD ESPANYOL DE BARCELONA,709,1059
104,AUGUSTO BATALLA,RAYO VALLECANO,659,1044
105,ÁLEX BAENA,VILLARREAL CF,772,1043
106,RENATO TAPIA,CD LEGANÉS,828,1041
107,PABLO FORNALS,REAL BETIS,862,1040
108,JESÚS ARESO,CA OSASUNA,840,1038
109,KARL HEIN,REAL VALLADOLID CF,723,1029
110,YANGEL HERRERA,GIRONA FC,857,1015
111,DIEGO RICO,GETAFE CF,697,1005
112,ALBERTO MOLEIRO,UD LAS PALMAS,828,993
113,RODRYGO SILVA DE GOES,REAL MADRID,900,990
114,DIMITRI FOULQUIER,VALENCIA CF,804,987
115,DJIBRIL SOW,SEVILLA FC,880,982
116,ANDER GUEVARA,DEPORTIVO ALAVÉS,759,980
117,RAÚL ASENCIO,REAL MADRID,919,979
118,NAHUEL TENAGLIA,DEPORTIVO ALAVÉS,724,973
119,MORIBA KOUROUMA KOUROUMA,CELTA,837,970
120,HUGO SOTELO,CELTA,857,967
121,NAHUEL MOLINA,ATLÉTICO DE MADRID,798,967
122,CARLOS DOMÍNGUEZ,CELTA,854,962
123,LUIS RIOJA,VALENCIA CF,743,962
124,DAVID SORIA,GETAFE CF,446,955
125,VALENTIN ROSIER,CD LEGANÉS,770,955
126,OMAR MASCARELL,RCD MALLORCA,809,954
127,DÁRIO CASSIA LUÍS ESSUGO,UD LAS PALMAS,811,947
128,AITOR PAREDES,ATHLETIC CLUB,789,944
129,GIORGI MAMARDASHVILI,VALENCIA CF,603,944
130,MARKO DMITROVIC,CD LEGANÉS,358,933
131,ABDEL ABQAR,DEPORTIVO ALAVÉS,710,924
132,JUAN FOYTH,VILLARREAL CF,808,923
133,DODI LUKÉBAKIO,SEVILLA FC,747,914
134,DOMINIK GREIF,RCD MALLORCA,612,914
135,ERAY CÖMERT,REAL VALLADOLID CF,804,914
136,ANTONIO SIVERA,DEPORTIVO ALAVÉS,457,894
137,JORGE SÁENZ,CD LEGANÉS,750,894
138,ADRIÀ PEDROSA,SEVILLA FC,699,890
139,JULIÁN ÁLVAREZ,ATLÉTICO DE MADRID,698,889
140,ISI PALAZÓN,RAYO VALLECANO,740,888
141,ØRJAN NYLAND,SEVILLA FC,524,887
142,ALBERT SAMBI LOKONGA,SEVILLA FC,794,886
143,ROMAIN PERRAUD,REAL BETIS,728,876
144,LUIS PÉREZ,REAL VALLADOLID CF,706,876
145,ORIOL ROMEU,GIRONA FC,795,875
146,JON MONCAYOLA,CA OSASUNA,701,875
147,ARITZ ELUSTONDO,REAL SOCIEDAD,752,871
148,GIOVANI LO CELSO,REAL BETIS,732,863
149,DOMINGOS ANDRÉ RIBEIRO ALMEIDA,VALENCIA CF,763,862
150,TAKEFUSA KUBO,REAL SOCIEDAD,664,862
151,JASPER CILLESSEN,UD LAS PALMAS,543,857
152,LUKA SUCIC,REAL SOCIEDAD,724,857
153,HUGO ÁLVAREZ,CELTA,674,851
154,MATIJA NASTASIC,CD LEGANÉS,702,847
155,THIBAUT COURTOIS,REAL MADRID,679,846
156,IAGO ASPAS,CELTA,648,845
157,DIEGO LÓPEZ,VALENCIA CF,636,840
158,ÓSCAR VALENTÍN,RAYO VALLECANO,687,826
159,VINÍCIUS JOSÉ PAIXÃO DE OLIVEIRA JÚNIOR,REAL MADRID,652,825
160,JAVI HERNÁNDEZ,CD LEGANÉS,637,824
161,ARDA GÜLER,REAL MADRID,733,815
162,CONOR GALLAGHER,ATLÉTICO DE MADRID,704,813
163,CARLOS VICENTE,DEPORTIVO ALAVÉS,605,812
164,RAÚL ALBIOL,VILLARREAL CF,727,811
165,ÍÑIGO RUÍZ DE GALARRETA,ATHLETIC CLUB,676,810
166,JOAN JORDÁN,DEPORTIVO ALAVÉS,656,803
167,JAVI GALÁN,ATLÉTICO DE MADRID,683,800
168,POL LOZANO,RCD ESPANYOL DE BARCELONA,681,800
169,PABLO PÁEZ GAVIRA,FC BARCELONA,727,799
170,DJENÉ DAKONAM,GETAFE CF,619,794
171,JOSÉ CAMPAÑA,UD LAS PALMAS,691,793
172,ALEX KRÁL,RCD ESPANYOL DE BARCELONA,594,790
173,YOUSSOUF SABALY,REAL BETIS,695,787
174,MARIO MARTÍN,REAL VALLADOLID CF,674,786
175,JUAN IGLESIAS,GETAFE CF,474,785
176,MAURO ARAMBARRI,GETAFE CF,584,782
177,DAMIÁN RODRÍGUEZ,CELTA,717,782
178,BEÑAT PRADOS,ATHLETIC CLUB,640,776
179,ABEL BRETONES,CA OSASUNA,592,776
180,VICENTE GUAITA,CELTA,604,775
181,MANU SÁNCHEZ,DEPORTIVO ALAVÉS,562,769
182,JAN OBLAK,ATLÉTICO DE MADRID,583,764
183,EDUARDO CAMAVINGA,REAL MADRID,677,761
184,JOSÉ MANUEL ARIAS COPETE,RCD MALLORCA,639,759
185,ÓSCAR DE MARCOS,ATHLETIC CLUB,602,759
186,CARLOS ROMERO,RCD ESPANYOL DE BARCELONA,575,758
187,SAMUEL DIAS LINO,ATLÉTICO DE MADRID,620,756
188,ALEX BERENGUER,ATHLETIC CLUB,581,754
189,STANKO JURIC,REAL VALLADOLID CF,635,753
190,JOSÉ GAYÀ,VALENCIA CF,616,752
191,JAVI LÓPEZ,REAL SOCIEDAD,621,744
192,BRAIS MÉNDEZ,REAL SOCIEDAD,613,744
193,VIKTOR TSYHANKOV,GIRONA FC,597,731
194,JORGE HERRANDO,CA OSASUNA,620,720
195,ÁLVARO GARCÍA,RAYO VALLECANO,513,720
196,MOUSSA DIARRA,DEPORTIVO ALAVÉS,604,718
197,PABLO MAFFEO,RCD MALLORCA,547,718
198,RONALD ARAUJO,FC BARCELONA,660,718
199,GIULIANO SIMEONE,ATLÉTICO DE MADRID,565,717
200,JON GURIDI,DEPORTIVO ALAVÉS,538,711
201,ARTHUR HENRIQUE RAMOS DE OLIVEIRA MELO,GIRONA FC,664,711
202,SERGIO CARREIRA,CELTA,556,708
203,ANTONY MATHEUS DOS SANTOS,REAL BETIS,594,707
204,ÉDER GABRIEL MILITÃO,REAL MADRID,634,706
205,DAVID TORRES,REAL VALLADOLID CF,579,698
206,MANU MORLANES,RCD MALLORCA,624,696
207,VITI ROZADA,UD LAS PALMAS,583,693
208,ABDE EZZALZOULI,REAL BETIS,525,691
209,ALEJANDRO FRANCÉS,GIRONA FC,588,690
210,IÑAKI WILLIAMS,ATHLETIC CLUB,485,688
211,BRYAN GIL,GIRONA FC,599,668
212,ANDONI GOROSABEL,ATHLETIC CLUB,555,663
213,SANTIAGO MOURIÑO,DEPORTIVO ALAVÉS,519,661
214,GERARD MARTÍN,FC BARCELONA,559,657
215,YEREMY PINO,VILLARREAL CF,507,654
216,LUCAS OLIVEIRA ROSA,REAL VALLADOLID CF,514,642
217,JAVI PUADO,RCD ESPANYOL DE BARCELONA,509,640
218,JUAN HERZOG,UD LAS PALMAS,557,639
219,BRAHIM DÍAZ,REAL MADRID,564,638
220,SAÚL ÑÍGUEZ,SEVILLA FC,510,635
221,DOMINGOS DE SOUSA COUTINHO MENESES DUARTE,GETAFE CF,495,629
222,ÁLEX MUÑOZ,UD LAS PALMAS,517,628
223,FERMÍN LÓPEZ,FC BARCELONA,535,621
224,DANI OLMO,FC BARCELONA,515,618
225,RICARDO RODRÍGUEZ,REAL BETIS,523,613
226,RAÚL MORO,REAL VALLADOLID CF,445,612
227,JUANLU SÁNCHEZ,SEVILLA FC,512,600
228,FERLAND MENDY,REAL MADRID,565,599
229,DANI RODRÍGUEZ,RCD MALLORCA,459,591
230,CÉSAR AZPILICUETA,ATLÉTICO DE MADRID,511,583
231,NICHOLAS WILLIAMS ARTHUER,ATHLETIC CLUB,460,581
232,JORGE DE FRUTOS,RAYO VALLECANO,426,577
233,WILLY KAMBWALA,VILLARREAL CF,510,577
234,JUAN PEDRO RAMÍREZ LÓPEZ,GIRONA FC,502,574
235,NICOLAS PÉPÉ,VILLARREAL CF,479,574
236,KIKE GARCÍA,DEPORTIVO ALAVÉS,382,571
237,CHRISTANTUS UCHE,GETAFE CF,382,567
238,UNAI SIMÓN,ATHLETIC CLUB,368,559
239,JUAN CRUZ,CD LEGANÉS,416,558
240,IÑAKI PEÑA,FC BARCELONA,482,550
241,CARLES ALEÑÁ,DEPORTIVO ALAVÉS,438,549
242,OIHAN SANCET,ATHLETIC CLUB,456,544
243,SANDRO RAMÍREZ,UD LAS PALMAS,403,544
244,YÁSER ASPRILLA,GIRONA FC,439,544
245,AXEL WITSEL,ATLÉTICO DE MADRID,493,543
246,DANI RABA,CD LEGANÉS,400,542
247,MANU FUSTER,UD LAS PALMAS,452,540
248,JON MARTÍN,REAL SOCIEDAD,468,539
249,DIEGO CONDE,VILLARREAL CF,409,528
250,MARC ROCA,REAL BETIS,461,526
251,ARIDANE HERNÁNDEZ,RAYO VALLECANO,463,526
252,MIKEL VESGA,ATHLETIC CLUB,428,525
253,ADRIÁN SAN MIGUEL DEL CASTILLO,REAL BETIS,385,525
254,KIKE PÉREZ,REAL VALLADOLID CF,428,521
255,REINILDO ISNARD MANDAVA,ATLÉTICO DE MADRID,437,520
256,PEDRO DÍAZ,RAYO VALLECANO,436,518
257,JUAN CRUZ ÁLVARO ARMADA,CA OSASUNA,426,517
258,PAU NAVARRO,VILLARREAL CF,465,514
259,ROBERT LEWANDOWSKI,FC BARCELONA,383,513
260,AITOR RUIBAL,REAL BETIS,420,494
261,JON PACHECO,REAL SOCIEDAD,410,492
262,ADRIÀ ALTI,CD LEGANÉS,401,492
263,ÓSCAR RODRÍGUEZ,CD LEGANÉS,377,491
264,PABLO IBÁÑEZ,CA OSASUNA,377,491
265,MIKEL OYARZABAL,REAL SOCIEDAD,364,490
266,DARKO BRASANAC,CD LEGANÉS,375,487
267,JAILSON MARQUES SIQUEIRA,CELTA,434,479
268,BORJA IGLESIAS,CELTA,344,473
269,VEDAT MURIQI,RCD MALLORCA,293,473
270,ANTONIO SÁNCHEZ,RCD MALLORCA,359,472
271,ADRI EMBARBA,RAYO VALLECANO,349,471
272,DINKO HORKAS,UD LAS PALMAS,345,469
273,MOI GÓMEZ,CA OSASUNA,384,464
274,IVÁN BALLIU,RAYO VALLECANO,360,464
275,YAREK GASIOROWSKI,VALENCIA CF,378,463
276,AIHEN MUÑOZ,REAL SOCIEDAD,356,460
277,ANDER BARRENETXEA,REAL SOCIEDAD,356,460
278,ANUAR TUHAMI,REAL VALLADOLID CF,387,458
279,JOFRE CARRERAS,RCD ESPANYOL DE BARCELONA,330,457
280,IVÁN SÁNCHEZ AGUAYO,REAL VALLADOLID CF,384,456
281,PABLO MARÍN,REAL SOCIEDAD,372,453
282,RUI TIAGO DANTAS DA SILVA,REAL BETIS,342,452
283,ÁLVARO TEJERO,RCD ESPANYOL DE BARCELONA,356,447
284,URKO GONZÁLEZ,RCD ESPANYOL DE BARCELONA,344,443
285,FÁBIO DANIEL SOARES SILVA,UD LAS PALMAS,301,439
286,DONNY VAN DE BEEK,GIRONA FC,365,436
287,ROBERT NAVARRO,RCD MALLORCA,347,434
288,ENZO LOIODICE,UD LAS PALMAS,372,432
289,HÉCTOR FORT,FC BARCELONA,399,432
290,BEÑAT TURRIENTES,REAL SOCIEDAD,398,432
291,BRYAN ZARAGOZA,CA OSASUNA,312,431
292,YOEL LAGO,CELTA,392,424
293,HUGO DURO,VALENCIA CF,295,419
294,ANTE BUDIMIR,CA OSASUNA,238,416
295,ISAAC ROMERO,SEVILLA FC,304,415
296,EDU EXPÓSITO,RCD ESPANYOL DE BARCELONA,299,413
297,OLIVER MCBURNIE,UD LAS PALMAS,270,410
298,CHIDERA EJUKE,SEVILLA FC,345,410
299,STEFAN BAJCETIC,UD LAS PALMAS,300,409
300,JUMA BAH,REAL VALLADOLID CF,330,405
301,DANI CARVAJAL,REAL MADRID,354,402
302,GORKA GURUZETA,ATHLETIC CLUB,296,400
303,LUIZ LÚCIO REIS JÚNIOR,VILLARREAL CF,263,395
304,JON OLASAGASTI,REAL SOCIEDAD,312,394
305,AYOZE PÉREZ,VILLARREAL CF,307,394
306,WILLIAM SILVA DE CARVALHO,REAL BETIS,343,391
307,CENK ÖZKACAR,REAL VALLADOLID CF,331,391
308,WOJCIECH SZCZESNY,FC BARCELONA,342,391
309,ALFONSO ESPINO,RAYO VALLECANO,298,388
310,JOSEPH AIDOO,REAL VALLADOLID CF,342,384
311,RAMON TERRATS,GETAFE CF,281,384
312,MARVIN PARK,UD LAS PALMAS,302,383
313,ARNAUT DANJUMA,GIRONA FC,313,383
314,GERARD GUMBAU,RAYO VALLECANO,304,379
315,JUAN BERROCAL,GETAFE CF,287,377
316,HAMARI TRAORÉ,REAL SOCIEDAD,327,374
317,FERNANDO CALERO,RCD ESPANYOL DE BARCELONA,321,374
318,PABLO DURÁN,CELTA,275,373
319,ADAMA BOIRO,ATHLETIC CLUB,312,372
320,CARLOS MARTÍN,DEPORTIVO ALAVÉS,254,372
321,SELIM AMALLAH,REAL VALLADOLID CF,307,368
322,JAVIER MANQUILLO,CELTA,329,364
323,ANTONIO CANDELA,REAL VALLADOLID CF,288,357
324,JULEN AGIRREZABALA,ATHLETIC CLUB,231,356
325,SERGI GÓMEZ,RCD ESPANYOL DE BARCELONA,311,349
326,ALEXANDER SØRLOTH,ATLÉTICO DE MADRID,228,348
327,ÍÑIGO LEKUE,ATHLETIC CLUB,275,342
328,WILLIOT SWEDBERG,CELTA,261,342
329,FLORIAN GRILLITSCH,REAL VALLADOLID CF,289,342
330,GERARD FERNÁNDEZ CASTELLANO,SEVILLA FC,278,339
331,FERRAN TORRES,FC BARCELONA,263,339
332,THIERRY RENDALL CORREIA,VALENCIA CF,248,338
333,THIERNO BARRY,VILLARREAL CF,207,332
334,ALFON GONZÁLEZ,CELTA,255,331
335,MOUCTAR DIAKHABY,VALENCIA CF,280,331
336,BRIAN OLIVÁN,RCD ESPANYOL DE BARCELONA,248,329
337,JONATHAN BAMBA,CELTA,269,325
338,UNAI NÚÑEZ,ATHLETIC CLUB,283,325
339,JESÚS VÁZQUEZ,VALENCIA CF,245,318
340,MATEU MOREY,RCD MALLORCA,261,318
341,JESÚS JOAQUÍN FERNÁNDEZ SÁENZ DE LA TORRE,SEVILLA FC,269,318
342,ERIC BAILLY,VILLARREAL CF,278,317
343,MARCOS DO NASCIMENTO TEIXEIRA,SEVILLA FC,284,314
344,TANGUY NIANZOU,SEVILLA FC,285,314
345,TAMÁS NIKITSCHER,REAL VALLADOLID CF,284,310
346,CYLE LARIN,RCD MALLORCA,212,308
347,JESÚS RODRIGUEZ,REAL BETIS,234,308
348,CUCHO HERNÁNDEZ,REAL BETIS,221,296
349,IKER MUÑOZ,CA OSASUNA,236,295
350,ÓSCAR TREJO,RAYO VALLECANO,256,295
351,CARLES PÉREZ,GETAFE CF,214,291
352,ÁLVARO FERNÁNDEZ,SEVILLA FC,180,291
353,GERARD MORENO,VILLARREAL CF,232,291
354,JHON SOLÍS,GIRONA FC,263,290
355,TOMÁS CONECHNY,DEPORTIVO ALAVÉS,190,283
356,UNAI GÓMEZ,ATHLETIC CLUB,216,280
357,JUAN BERNAT,GETAFE CF,210,274
358,HÉCTOR BELLERÍN,REAL BETIS,227,273
359,ADNAN JANUZAJ,UD LAS PALMAS,217,273
360,ALLAN NYOM,GETAFE CF,216,270
361,MAMADOU SYLLA,REAL VALLADOLID CF,173,266
362,ABEL RUIZ,GIRONA FC,237,265
363,ADAM AZNOU,REAL VALLADOLID CF,186,262
364,IKER LOSADA,CELTA,200,260
365,COBA DA COSTA,GETAFE CF,181,259
366,DENIS SUÁREZ,VILLARREAL CF,216,259
367,ROBERTO FERNÁNDEZ,RCD ESPANYOL DE BARCELONA,187,257
368,FERNANDO LÓPEZ,CELTA,220,254
369,SERGIO CAMELLO,RAYO VALLECANO,204,253
370,JUANMI LATASA,REAL VALLADOLID CF,153,253
371,BENITO RAMÍREZ,UD LAS PALMAS,214,252
372,ÁNGEL CORREA,ATLÉTICO DE MADRID,201,252
373,MUNIR EL HADDADI,CD LEGANÉS,197,249
374,SHERALDO BECKER,REAL SOCIEDAD,188,244
375,BORJA MAYORAL,GETAFE CF,194,240
376,ANTONIO LATORRE GRUESO,RCD MALLORCA,182,234
377,ALEKSANDAR SEDLAR,DEPORTIVO ALAVÉS,192,233
378,ÁLVARO AGUADO,RCD ESPANYOL DE BARCELONA,186,232
379,RUBÉN PEÑA,CA OSASUNA,153,229
380,TONI MARTÍNEZ,DEPORTIVO ALAVÉS,138,229
381,ÁLVARO RODRÍGUEZ,GETAFE CF,109,229
382,CARLOS BENAVÍDEZ,DEPORTIVO ALAVÉS,160,228
383,RODRIGO RIQUELME,ATLÉTICO DE MADRID,198,227
384,MIGUEL DE LA FUENTE,CD LEGANÉS,135,223
385,LEO ROMÁN,RCD MALLORCA,119,222
386,DAVID ALABA,REAL MADRID,204,222
387,ÁLEX SOLA,GETAFE CF,152,221
388,ANDREAS CHRISTENSEN,FC BARCELONA,202,220
389,RANDY NTEKA,RAYO VALLECANO,144,218
390,JOSÉ GRAGERA,RCD ESPANYOL DE BARCELONA,190,216
391,UMAR SADIQ,VALENCIA CF,149,216
392,MARC-ANDRÉ TER STEGEN,FC BARCELONA,193,211
393,JESÚS NAVAS,SEVILLA FC,174,209
394,CRISTIAN PORTUGUÉS MANZANERA,GIRONA FC,163,207
395,PABLO TORRE,FC BARCELONA,176,206
396,MARCOS ANDRÉ DE SOUSA MENDONÇA,REAL VALLADOLID CF,137,205
397,RUBÉN VARGAS,SEVILLA FC,148,201
398,JUAN MIGUEL JIMÉNEZ LÓPEZ,GETAFE CF,158,201
399,JUAN DIEGO MOLINA MARTÍNEZ,DEPORTIVO ALAVÉS,131,200
400,TAKUMA ASANO,RCD MALLORCA,146,199
401,ANDER HERRERA,ATHLETIC CLUB,180,198
402,CHIMY ÁVILA,REAL BETIS,150,197
403,ADRIÁN HERNÁNDEZ HERNÁNDEZ,DEPORTIVO ALAVÉS,154,197
404,FRAN PÉREZ,VALENCIA CF,160,196
405,ANTONIU ROCA,RCD ESPANYOL DE BARCELONA,142,195
406,FACUNDO GARCÉS,DEPORTIVO ALAVÉS,149,195
407,RAFA MIR,VALENCIA CF,141,192
408,DARWIN MACHÍS,REAL VALLADOLID CF,139,192
409,VITOR HUGO ROQUE FERREIRA,REAL BETIS,138,188
410,MIHAILO RISTIC,CELTA,150,187
411,HUGO GUILLAMÓN,VALENCIA CF,153,186
412,ALEJO VÉLIZ,RCD ESPANYOL DE BARCELONA,120,185
413,VÍCTOR MESEGUER,REAL VALLADOLID CF,146,185
414,ORRI ÓSKARSSON,REAL SOCIEDAD,103,185
415,DIEGO GARCÍA,CD LEGANÉS,119,183
416,SERGI DOMÍNGUEZ,FC BARCELONA,170,179
417,ROBERTO LÓPEZ,CD LEGANÉS,146,179
418,BERTUG YILDIRIM,GETAFE CF,98,178
419,YAN DIOMANDE,CD LEGANÉS,155,178
420,JAIME MATA,UD LAS PALMAS,125,176
421,HENRIQUE SILVA MILAGRES,REAL VALLADOLID CF,151,174
422,ANDRII LUNIN,REAL MADRID,145,171
423,ÁNGEL ORTIZ,REAL BETIS,135,170
424,ANDRÉ FILIPE MAGALHÃES RIBEIRO FERREIRA,REAL VALLADOLID CF,112,168
425,JUAN SORIANO,CD LEGANÉS,78,165
426,ILIAS AKHOMACH,VILLARREAL CF,131,164
427,ALFONSO PEDRAZA,VILLARREAL CF,129,164
428,ENRIC FRANQUESA,CD LEGANÉS,119,163
429,MARC BERNAL,FC BARCELONA,148,160
430,RAÚL GARCÍA,CA OSASUNA,114,159
431,DANI CÁRDENAS,RAYO VALLECANO,73,157
432,MAROAN SANNADI,ATHLETIC CLUB,115,153
433,CRISTHIAN STUANI,GIRONA FC,106,151
434,JESÚS OWONO,DEPORTIVO ALAVÉS,87,150
435,PAU CABANES,DEPORTIVO ALAVÉS,115,146
436,PERE MILLA,RCD ESPANYOL DE BARCELONA,91,145
437,IRVIN CARDONA,RCD ESPANYOL DE BARCELONA,93,142
438,IVÁN CANTALEJO,REAL VALLADOLID CF,103,138
439,SERGI CANÓS,VALENCIA CF,86,136
440,VALENTÍN BARCO,SEVILLA FC,107,135
441,JULIÁN CHICCO,CD LEGANÉS,107,134
442,JESÚS SANTIAGO PÉREZ,GETAFE CF,96,131
443,ANSU FATI,FC BARCELONA,104,123
444,CÉDRIC BAKAMBU,REAL BETIS,84,123
445,RAMÓN MARTÍNEZ,SEVILLA FC,113,122
446,TAJON BUCHANAN,VILLARREAL CF,99,121
447,PAU VÍCTOR,FC BARCELONA,97,117
448,ÁLVARO DJALÓ,ATHLETIC CLUB,80,112
449,BOJAN MIOVSKI,GIRONA FC,85,109
450,STOLE DIMITRIEVSKI,VALENCIA CF,43,108
451,FRANCO CERVI,CELTA,72,108
452,PETER FEDERICO GONZÁLEZ CARMONA,GETAFE CF,74,106
453,ÁLEX PADILLA,ATHLETIC CLUB,52,105
454,TASOS DOUVIKAS,CELTA,75,105
455,FRANCISCO BARBOSA VIEITES,REAL BETIS,60,103
456,IVÁN VILLAR,CELTA,80,102
457,WALID CHEDDIRA,RCD ESPANYOL DE BARCELONA,73,101
458,AMATH NDIAYE,REAL VALLADOLID CF,80,100
459,ABDE REBBACH,DEPORTIVO ALAVÉS,69,99
460,ANDY PELMARD,UD LAS PALMAS,87,98
461,IVÁN JAIME,VALENCIA CF,79,98
462,PEIO CANALES,ATHLETIC CLUB,84,96
463,GABRIEL MISEHOUY,GIRONA FC,88,95
464,VALERY FERNÁNDEZ,RCD MALLORCA,85,94
465,SELVI CLUA,GIRONA FC,75,93
466,JACOBO RAMÓN,REAL MADRID,84,90
467,SÉBASTIEN HALLER,CD LEGANÉS,54,90
468,ABDÓN PRATS,RCD MALLORCA,58,87
469,JAMES RODRÍGUEZ,RAYO VALLECANO,74,83
470,IBRAHIM ALANI,REAL VALLADOLID CF,70,83
471,LUCAS OCAMPOS,SEVILLA FC,60,82
472,DANI GÓMEZ,VALENCIA CF,60,81
473,SERGI GUARDIOLA,RAYO VALLECANO,55,80
474,KELECHI IHEANACHO,SEVILLA FC,59,79
475,MANU BUENO,SEVILLA FC,67,73
476,NABIL FEKIR,REAL BETIS,62,72
477,STANIS IDUMBO,SEVILLA FC,60,72
478,KIKE BARJA,CA OSASUNA,57,72
479,ENDRICK FELIPE MOREIRA DE SOUSA,REAL MADRID,57,71
480,ÁLVARO MIGUEL GARCÍA PASCUAL,SEVILLA FC,48,70
481,MATEO FLORES,REAL BETIS,55,68
482,ASIER VILLALIBRE,DEPORTIVO ALAVÉS,44,67
483,ARITZ ARAMBARRI,CD LEGANÉS,49,67
484,JESÚS VALLEJO,REAL MADRID,60,67
485,GONZALO MONTIEL,SEVILLA FC,59,64
486,THOMAS LEMAR,ATLÉTICO DE MADRID,55,64
487,SIEBE VAN DER HEYDEN,RCD MALLORCA,57,63
488,ARKAITZ MARIEZKURRENA,REAL SOCIEDAD,46,63
489,NABIL ABERDIN,GETAFE CF,36,60
490,ASSANE DIAO,REAL BETIS,45,60
491,RODRIGO SÁNCHEZ RODRÍGUEZ,REAL BETIS,51,59
492,JUSTIN SMITH,RCD ESPANYOL DE BARCELONA,40,59
493,JOSÉ ARNÁIZ,CA OSASUNA,47,58
494,DALEY SINKGRAVEN,UD LAS PALMAS,45,57
495,VLADYSLAV KRAPYVTSOV,GIRONA FC,40,57
496,RAFAEL BAUZA,RCD ESPANYOL DE BARCELONA,46,54
497,NOBEL MENDY,REAL BETIS,46,53
498,HUGO NOVOA,DEPORTIVO ALAVÉS,41,52
499,FABIO GONZÁLEZ,UD LAS PALMAS,43,52
500,DAVID LÓPEZ,RCD MALLORCA,43,52
501,SERGIO VIERA,UD LAS PALMAS,45,51
502,ADRIÁN RODRÍGUEZ,DEPORTIVO ALAVÉS,19,50
503,MAX AARONS,VALENCIA CF,38,50
504,JUAN MUSSO,ATLÉTICO DE MADRID,40,48
505,MARC CARDONA,UD LAS PALMAS,38,47
506,UNAI MARRERO,REAL SOCIEDAD,35,45
507,MARC DOMENECH,RCD MALLORCA,32,45
508,CARLOS GUIRAO,REAL BETIS,36,45
509,AITOR FERNÁNDEZ,CA OSASUNA,25,41
510,SERGIO ARRIBAS,REAL BETIS,28,41
511,LUÍS HENRIQUES DE BARROS LOPES,CD LEGANÉS,28,41
512,GERMÁN VALERA,VALENCIA CF,33,40
513,LUKA ROMERO,DEPORTIVO ALAVÉS,31,39
514,RAÚL CHASCO,REAL VALLADOLID CF,26,39
515,MARIO MAROTO,REAL VALLADOLID CF,31,39
516,UNAI GARCÍA,CA OSASUNA,36,38
517,ARNAU RAFÚS,REAL VALLADOLID CF,28,38
518,IAGO PARENTE,REAL VALLADOLID CF,27,36
519,NACHO VIDAL,CA OSASUNA,27,35
520,ARSEN ZAKHARYAN,REAL SOCIEDAD,27,32
521,NICO SERRANO,ATHLETIC CLUB,24,31
522,ALBERTO RISCO,GETAFE CF,22,29
523,PELAYO FERNÁNDEZ,RAYO VALLECANO,24,28
524,AKOR ADAMS,SEVILLA FC,20,27
525,IKER ALMENA,GIRONA FC,21,26
526,MARTÍN TEJÓN,VALENCIA CF,20,25
527,JAN SALAS,RCD MALLORCA,20,25
528,ABDOULAYE KEITA,GETAFE CF,14,25
529,ÁLVARO ODRIOZOLA,REAL SOCIEDAD,17,24
530,FRANCISCO JORGE TAVARES OLIVEIRA,RCD MALLORCA,18,23
531,PAU LÓPEZ,GIRONA FC,16,22
532,RODRIGO ABAJAS,VALENCIA CF,11,20
533,JOHN PATRICK,GETAFE CF,16,20
534,JAVI LLABRÉS,RCD MALLORCA,19,20
535,GONZALO GARCÍA,REAL MADRID,19,20
536,ISMAEL BEKHOUCHA,GETAFE CF,15,20
537,FRAN GONZÁLEZ,REAL MADRID,16,17
538,DANI RODRÍGUEZ,FC BARCELONA,15,17
539,NACI ÜNÜVAR,RCD ESPANYOL DE BARCELONA,12,16
540,MAXIMILIANO CAUFRIEZ,VALENCIA CF,11,14
541,AINGERU OLABARRIETA,ATHLETIC CLUB,9,14
542,JON MAGUNAZELAIA,REAL SOCIEDAD,7,13
543,PAPA DAME BA,GIRONA FC,5,12
544,IKER BENITO,CA OSASUNA,9,11
545,PABLO GARCÍA,REAL BETIS,9,11
546,DIEGO MARTÍN PÉREZ,UD LAS PALMAS,8,11
547,XAVIER MORENO HERNÁNDEZ,REAL VALLADOLID CF,3,11
548,IKER CÓRDOBA,VALENCIA CF,8,10
549,MIN-SU KIM,GIRONA FC,9,10
550,ADRIÁN ARNU,REAL VALLADOLID CF,9,10
551,VÍCTOR MUÑOZ,REAL MADRID,10,10
552,JAVI MARTÍNEZ,CA OSASUNA,9,9
553,DANIEL LUNA,RCD MALLORCA,7,9
554,JOSÉ CARLOS GONZÁLEZ,UD LAS PALMAS,8,9
555,MALCOM ABDULAI ARES DJALÓ,ATHLETIC CLUB,5,8
556,JAVIER MARTÓN,ATHLETIC CLUB,6,7
557,THIAGO OJEDA,VILLARREAL CF,7,7
558,DIEGO HORMIGO,SEVILLA FC,5,7
559,ROGER HINOJO,RCD ESPANYOL DE BARCELONA,4,7
560,RAÚL DE TOMÁS,RAYO VALLECANO,5,6
561,GORKA RIVERA,GETAFE CF,2,6
562,FRANCISCO JESÚS CRESPO GARCÍA,UD LAS PALMAS,6,6
563,FERRÁN RUIZ MARTÍ,GIRONA FC,3,6
564,VALENTÍN PEZZOLESI,UD LAS PALMAS,2,5
565,ETIENNE ETO'O PINEDA,RAYO VALLECANO,1,5
566,DANI REQUENA,VILLARREAL CF,4,5
567,DAVID ARGÜELLES,GETAFE CF,3,5
568,LUCA DE LA TORRE,CELTA,4,5
569,LUKEN BEITIA,REAL SOCIEDAD,5,5
570,ARTURO RODRÍGUEZ,UD LAS PALMAS,5,5
571,ABOUBACAR BASSINGA,UD LAS PALMAS,2,4
572,ALBERTO MARÍ,VALENCIA CF,2,4
573,DAVID OTORBI,VALENCIA CF,2,4
574,LEANDRO ANTONETTI,SEVILLA FC,2,4
575,ENDIKA BUJAN,ATHLETIC CLUB,4,4
576,TADEO ALLENDE,CELTA,1,3
577,DANIEL DÍAZ,REAL SOCIEDAD,1,3
578,ARNAU SOLÀ,VILLARREAL CF,1,2
579,ROBERT KENEDY NUNES DO NASCIMENTO,REAL VALLADOLID CF,1,2
580,BORNA BARISIC,CD LEGANÉS,2,2
581,KARL EDOUARD BLAISE ETTA EYONG,VILLARREAL CF,0,1
582,JOSÉ MARÍA ANDRES BAIXAULI,REAL MADRID,1,1
583,MATEO MEJÍA,SEVILLA FC,0,1
584,ISRAEL DOMÍNGUEZ,SEVILLA FC,1,1
585,UNAI EGILUZ,ATHLETIC CLUB,0,0
586,OIER GASTESI,ATHLETIC CLUB,0,0
587,JOEL ROCA,GIRONA FC,0,0
588,LAUREANO ANTONIO VILLA SUÁREZ,GIRONA FC,0,0
589,JUAN CARLOS MARTÍN CORRAL,GIRONA FC,0,0
590,JIRÍ LETÁCEK,GETAFE CF,0,0
591,DIEGO FERRER,GETAFE CF,0,0
592,LUCAS ALCÁZAR,REAL BETIS,0,0
593,IVÁN GIL,UD LAS PALMAS,0,0
594,ENEKO ORTIZ,DEPORTIVO ALAVÉS,0,0
595,JULEN LARTITEGI,DEPORTIVO ALAVÉS,0,0
596,JOAQUÍN PANICHELLI,DEPORTIVO ALAVÉS,0,0
597,MARC VIDAL,CELTA,0,0
598,CÉSAR FERNÁNDEZ,CELTA,0,0
599,PABLO RIVERA,SEVILLA FC,0,0
600,ALBERTO FLORES,SEVILLA FC,0,0
601,ALBERTO COLLADO,SEVILLA FC,0,0
602,ÁLEX VALLE,FC BARCELONA,0,0
603,ANDER ASTRALAGA,FC BARCELONA,0,0
604,LALO AGUILAR,CD LEGANÉS,0,0
605,ÁLEX GIL,CD LEGANÉS,0,0
606,JOÃO URBÁEZ,CD LEGANÉS,0,0
607,ALVIN ABAJAS,CD LEGANÉS,0,0
608,DIMITRIOS STAMATAKIS,CA OSASUNA,0,0
609,ALI FADAL,VALENCIA CF,0,0
610,RAÚL JIMÉNEZ,VALENCIA CF,0,0
611,MIGUEL ÁNGEL MORRO,RAYO VALLECANO,0,0
612,MARCO DE LAS SIAS,RAYO VALLECANO,0,0
613,IVÁN CUÉLLAR,RCD MALLORCA,0,0
614,ARTHUR VERMEEREN,ATLÉTICO DE MADRID,0,0
615,ANTONIO GOMIS,ATLÉTICO DE MADRID,0,0
616,HORATIU MOLDOVAN,ATLÉTICO DE MADRID,0,0
617,ILIAS KOSTIS,ATLÉTICO DE MADRID,0,0
618,OMAR SADIK,RCD ESPANYOL DE BARCELONA,0,0
619,FERNANDO PACHECO,RCD ESPANYOL DE BARCELONA,0,0
620,ÁNGEL FORTUÑO,RCD ESPANYOL DE BARCELONA,0,0
621,SALVI SÁNCHEZ,RCD ESPANYOL DE BARCELONA,0,0
622,CÉSAR DE LA HOZ,REAL VALLADOLID CF,0,0
623,JORGE IGLESIAS GONZÁLEZ,REAL VALLADOLID CF,0,0
624,STIPE BIUK,REAL VALLADOLID CF,0,0
625,IKER ÁLVAREZ,VILLARREAL CF,0,0
626,EGOITZ ARANA,REAL SOCIEDAD,0,0
627,JACKSON POROZO,CD LEGANÉS,0,0
628,MANUEL GONZÁLEZ PALLARÉS,REAL BETIS,0,0
629,ALEJANDRO ITURBE,ATLÉTICO DE MADRID,0,0
630,ANDRÉS CUENCA,FC BARCELONA,0,0
631,AITOR FRAGA,REAL SOCIEDAD,0,0
632,JOSÉ LUIS CATALÀ VÁZQUEZ,RCD ESPANYOL DE BARCELONA,0,0
633,ÁLVARO KILLANE,UD LAS PALMAS,0,0
634,ANTONIO ESPIGARES,VILLARREAL CF,0,0
635,VÍCTOR PUIG,UD LAS PALMAS,0,0
636,MATÍAS ÁRBOL,SEVILLA FC,0,0
637,PEDRO ORTIZ,SEVILLA FC,0,0
638,SERGIO MESTRE,REAL MADRID,0,0
639,GUILLEM TRILLA,GETAFE CF,0,0
640,DIEGO KOCHEN,FC BARCELONA,0,0
641,GUILLE FERNÁNDEZ,FC BARCELONA,0,0
642,RAÚL MARTÍNEZ,GIRONA FC,0,0
643,JAVI SERRANO,ATLÉTICO DE MADRID,0,0
644,WARREN MADRIGAL,VALENCIA CF,0,0
645,TONI FERNÁNDEZ,FC BARCELONA,0,0
646,DJORDJIJE MEDENICA,GETAFE CF,0,0
647,DAVID JIMÉNEZ,REAL MADRID,0,0
648,SEBAS WADE,RCD MALLORCA,0,0
649,ÁRON YAAKOBISHVILI,FC BARCELONA,0,0
650,ÁLVARO ACEVES,REAL VALLADOLID CF,0,0
651,ALEJANDRO JAY,DEPORTIVO ALAVÉS,0,0
652,LLORENÇ SERRED,RCD ESPANYOL DE BARCELONA,0,0
653,ENRIC GARCÍA,GIRONA FC,0,0
654,LUCAS GARCÍA MADRIGAL,GIRONA FC,0,0
655,JAUME DOMÈNECH,VALENCIA CF,0,0
656,RUBÉN GÓMEZ,VILLARREAL CF,0,0
657,EGOITZ MUÑOZ,DEPORTIVO ALAVÉS,0,0
658,GERÓNIMO SPINA,ATLÉTICO DE MADRID,0,0
659,AITOR GISMERA,ATLÉTICO DE MADRID,0,0
660,ALEKSANDAR ANDREEV,GIRONA FC,0,0
661,DAWDA CAMARA,GIRONA FC,0,0
662,ALEX ALMANSA,RCD ESPANYOL DE BARCELONA,0,0
663,JONI MONTIEL,RAYO VALLECANO,0,0
664,NAIM GARCÍA,CD LEGANÉS,0,0
665,PABLO BUSTO,REAL BETIS,0,0
666,ANTONINO JASTIN GARCÍA LÓPEZ,GIRONA FC,0,0
667,RICARD ARTERO,GIRONA FC,0,0
668,PERE GARCÍA,RCD MALLORCA,0,0
669,NOAH DARVICH,FC BARCELONA,0,0
670,ÁLVARO CORTÉS,FC BARCELONA,0,0
671,DIEGO AGUADO,REAL MADRID,0,0
672,ALASSANE DIATTA,VILLARREAL CF,0,0
673,IKER BACHILLER,CD LEGANÉS,0,0
674,POL TRISTÁN,RCD ESPANYOL DE BARCELONA,0,0
675,LORENZO AGUADO HERRERA,REAL MADRID,0,0
676,DANIEL YÁÑEZ,REAL MADRID,0,0
677,IÑAKI RUPÉREZ,REAL SOCIEDAD,0,0
678,RUBÉN IRANZO,VALENCIA CF,0,0
679,RAFAEL ROMERO,SEVILLA FC,0,0
680,DARÍO BENAVIDES,SEVILLA FC,0,0
681,YOUSSEF LEKHEDIM,REAL MADRID,0,0
682,DIEGO MÉNDEZ,RAYO VALLECANO,0,0
683,JUAN PEDRO GIL BUENO,RAYO VALLECANO,0,0
684,VICENT ABRIL,VALENCIA CF,0,0
685,GERMÁN GARCÍA,REAL BETIS,0,0
686,JORGE BENITO,GETAFE CF,0,0
687,MARTÍN CUÉLLAR,GETAFE CF,0,0
688,LUCA LÖHR,GETAFE CF,0,0
689,CARLOS LUMBRERAS,CA OSASUNA,0,0
690,ISRAEL MORA,UD LAS PALMAS,0,0
691,ADRIÁN NIÑO,ATLÉTICO DE MADRID,0,0
692,JONES EL ABDELLAOUI,CELTA,0,0
693,DAOUDA DOUMBIA,DEPORTIVO ALAVÉS,0,0
694,GUILLERMO RUIZ,CD LEGANÉS,0,0
695,ASIER OSAMBELA,CA OSASUNA,0,0
696,XAVIER PLEGUEZUELO,REAL BETIS,0,0
697,PEDRO ALEMAÑ,VALENCIA CF,0,0
698,GRÉGOIRE SWIDERSKI,DEPORTIVO ALAVÉS,0,0
699,RAYANE BELAID,ATLÉTICO DE MADRID,0,0
700,GUILHERME SOUSA CARVALHO FERNANDES,REAL BETIS,0,0
701,MARTÍN CONDE,CELTA,0,0
702,ANTAL YAAKOBISHVILI,GIRONA FC,0,0
703,SERGIO RUIZ,UD LAS PALMAS,0,0
704,ELÍAS ROMERO,UD LAS PALMAS,0,0
705,JON BALDA,REAL SOCIEDAD,0,0
706,JOSÉ ÁNGEL LÓPEZ,RCD ESPANYOL DE BARCELONA,0,0
707,PABLO VALENCIA,CA OSASUNA,0,0
708,IÑIGO ARGUIBIDE,CA OSASUNA,0,0
709,ALEX MARCHAL,REAL SOCIEDAD,0,0
710,ADRIÁN RODRÍGUEZ SOJO,REAL VALLADOLID CF,0,0
711,HAMZA BELLARI,VALENCIA CF,0,0
712,VÍCTOR VALDEPEÑAS TALAVERA,REAL MADRID,0,0
713,SERGIO LOZANO,RAYO VALLECANO,0,0
714,ANDER IZAGIRRE,ATHLETIC CLUB,0,0
715,JON GARCÍA,CA OSASUNA,0,0
716,ALEXIS OLMEDO,FC BARCELONA,0,0
717,ISMAEL SIERRA,CA OSASUNA,0,0
718,IGNACIO NICOLAU BENLLOCH,UD LAS PALMAS,0,0
719,SIXTUS OGBUEHI,CA OSASUNA,0,0
720,MIKEL GOTI,REAL SOCIEDAD,0,0
721,OMAR JANNEH,ATLÉTICO DE MADRID,0,0
722,PABLO RAMÓN,RCD ESPANYOL DE BARCELONA,0,0
723,ANDRÉS CASTRÍN,SEVILLA FC,0,0
724,MARCOS FERNÁNDEZ,REAL BETIS,0,0
725,RUDY KOHON,REAL BETIS,0,0
726,LANDRY FARRÉ,FC BARCELONA,0,0
727,JOAQUÍN MARTÍNEZ GAUNA,SEVILLA FC,0,0
728,LULO DASILVA,SEVILLA FC,0,0
729,MIGUEL ROMÁN,CELTA,0,0
730,ALEJANDRO REGO,ATHLETIC CLUB,0,0
731,LUCAS NUÑEZ,VALENCIA CF,0,0
732,MARIO RIVAS,REAL MADRID,0,0
733,IKER VARELA,ATHLETIC CLUB,0,0
734,HUGO SOLOZABAL,CD LEGANÉS,0,0
735,RAFAEL FERNÁNDEZ RODRÍGUEZ,CA OSASUNA,0,0
736,LANDER PINILLOS,DEPORTIVO ALAVÉS,0,0
